{"cameraMode":{"drawMode":0,"name":"Shaded","section":"Shading Mode"},"sceneLighting":true,"audioPlay":false,"sceneViewState":{"m_AlwaysRefresh":false,"showFog":true,"showSkybox":true,"showFlares":true,"showImageEffects":true,"showParticleSystems":true,"showVisualEffectGraphs":true,"m_FxEnabled":true},"in2DMode":false,"pivot":{"x":5.546639442443848,"y":6.23640251159668,"z":642.7122802734375},"rotation":{"x":-0.006182000041007996,"y":-0.04866679385304451,"z":-0.00030127365607768297,"w":0.9987320899963379},"size":0.4460442066192627,"orthographic":false}