{"cameraMode":{"drawMode":0,"name":"Shaded","section":"Shading Mode"},"sceneLighting":false,"audioPlay":false,"sceneViewState":{"m_AlwaysRefresh":false,"showFog":true,"showSkybox":false,"showFlares":true,"showImageEffects":true,"showParticleSystems":true,"showVisualEffectGraphs":true,"m_FxEnabled":true},"in2DMode":false,"pivot":{"x":0.08412271738052368,"y":0.5235655903816223,"z":-0.055136144161224368},"rotation":{"x":0.13135071098804475,"y":-0.5261176228523254,"z":0.08260054886341095,"w":0.8360155820846558},"size":0.46273642778396609,"orthographic":false}